routine,48x48_1T,48x48_2T,48x48_4T,24x24_1T,24x24_2T,24x24_4T,16x16_1T,16x16_2T,16x16_4T,12x12_4T,8x8_2T,8x8_4T
__lfric_atm__,816.152,855.97,984.76,220.701,224.166,254.371,128.475,126.316,143.984,103.135,81.3022,77.2116
__setup__,40.1902,36.51,44.6663,34.0491,30.6575,35.3104,32.8538,28.909,33.0569,33.4318,32.6825,31.7643
__vernier__,0.76966,0.73433,0.66801,0.32892,0.29946,0.26847,0.22354,0.19879,0.18619,0.1536,0.1397,0.12857
aerosol.glomap_clim,11.2965,15.5926,11.5286,2.89112,2.836,2.82052,1.35025,1.30352,1.2663,1.0101,0.43415,0.33998
aerosol.radaer,3.02802,2.92688,2.86934,0.78636,0.80895,0.76777,0.36282,0.34989,0.33696,0.19608,0.1139,0.10132
aerosol.stratosphere,0.08636,0.08212,0.07189,0.02115,0.0168,0.01554,0.0102,0.00849,0.00869,0.00461,0.00406,0.00423
bl.explicit,45.6658,44.7939,64.7034,10.7953,11.9311,16.3019,5.21159,5.81431,8.64474,5.19019,1.90388,2.7295
bl.implicit,82.4193,93.8587,128.195,18.2502,21.7776,28.4367,7.57907,9.36169,14.3341,6.69537,2.5146,3.31261
cloud,14.0724,20.637,33.539,3.2305,5.23335,8.76346,1.35521,2.1583,3.98925,2.14965,0.54985,0.9511
cloud.bm_tau,4.58789,5.6767,5.59875,0.84895,0.95443,1.02754,0.37393,0.57832,0.5801,0.19205,0.08014,0.09513
diags.bl_exp,0.07669,0.09211,0.11899,0.04492,0.04583,0.04996,0.02928,0.02939,0.03086,0.02387,0.01847,0.01725
diags.bl_imp,0.18958,0.2322,0.33907,0.1161,0.10362,0.12073,0.16091,0.18967,0.1134,0.18404,0.29881,0.47838
diags.blpert,0.01072,0.01325,0.0142,0.0082,0.00841,0.00824,0.00652,0.00699,0.00646,0.00559,0.0039,0.00381
diags.casim,0.07193,0.08558,0.08541,0.04223,0.04391,0.04932,0.03719,0.0326,0.03811,0.02864,0.02377,0.02337
diags.cloud,0.08764,0.08938,0.09694,0.08079,0.08004,0.08073,0.15357,0.12976,0.14231,0.15216,0.14784,0.28474
diags.dynamics,0.05896,0.06055,0.06031,0.04575,0.03861,0.03345,0.04001,0.03568,0.0321,0.03199,0.03352,0.03049
diags.electric,0.02193,0.01991,0.01695,0.01894,0.01515,0.01334,0.01619,0.01192,0.01099,0.01015,0.01143,0.00987
diags.glomap_clim,0.06407,0.06505,0.05957,0.03732,0.03247,0.03257,0.03303,0.03326,0.03129,0.02496,0.02482,0.02034
diags.illuminate,0.02904,0.02913,0.01456,0.01035,0.0094,0.01287,0.00677,0.00584,0.00702,0.00573,0.00408,0.00385
diags.jules_exp,0.24731,0.15037,0.05298,0.75615,0.67255,0.37477,0.38469,0.82968,0.71858,0.86327,0.0158,0.19376
diags.jules_imp,0.1631,0.15991,0.16833,0.04122,0.04114,0.059,0.02376,0.02145,0.02455,0.01959,0.28959,0.21941
diags.jules_seaice,0.02542,0.02576,0.01546,0.00925,0.00927,0.00982,0.00833,0.0064,0.00661,0.00655,0.00441,0.00599
diags.jules_snow,0.02312,0.02958,0.05414,0.02402,0.01753,0.01821,0.0611,0.10117,0.01892,0.06011,0.41856,0.3615
diags.jules_soil,0.0208,0.0333,0.07992,0.07827,0.05389,0.02886,0.18276,0.18117,0.11528,0.21774,0.62179,0.37635
diags.locate_tropopause,0.00508,0.00554,0.00453,0.00352,0.00337,0.00277,0.00273,0.00262,0.00262,0.002,0.00174,0.00153
diags.microphysics,0.04943,0.06413,0.06243,0.0274,0.03164,0.03387,0.02296,0.01984,0.02502,0.01732,0.01298,0.0134
diags.pmsl,0.28887,0.26146,0.261,0.13447,0.10131,0.09651,0.12158,0.07867,0.09024,0.08886,0.2571,0.2182
diags.pressure_lev,0.04352,0.04397,0.03206,0.04449,0.04236,0.02779,0.0327,0.02759,0.02724,0.02636,0.02527,0.02468
diags.radaer,0.00119,0.00115,0.00114,0.00216,0.00122,0.00069,0.00251,0.00149,0.00082,0.00099,0.0016,0.00111
diags.radiation,0.42238,0.33157,0.25408,0.61353,0.84297,0.56303,0.57725,1.07617,1.42866,1.28777,0.5689,0.77697
diags.smagorinsky,0.02369,0.02277,0.01959,0.01503,0.01387,0.01325,0.00995,0.01166,0.00823,0.00534,0.00486,0.00468
dynamics.compute_si_operators,71.2869,70.8013,71.0448,19.1722,17.2047,16.2057,9.64665,9.82986,8.34983,5.10014,3.09088,3.27414
dynamics.phys_predictors,35.6724,34.0831,33.6269,6.69446,5.30944,6.15834,3.957,3.63764,3.84119,3.58371,4.40808,2.52855
dynamics.rhs_alg,44.4137,42.3852,42.8879,11.4775,9.71477,10.3392,6.3941,5.61618,5.74687,4.63524,5.21159,3.09577
dynamics.rhs_lbc,5.49925,5.28982,5.20372,1.21694,1.15298,1.13072,0.51845,0.51797,0.47533,0.26718,0.14993,0.13884
dynamics.solver,77.1217,75.356,74.6843,17.0429,16.2227,15.8522,7.42459,7.26076,7.17289,4.20619,2.1554,2.14786
dynamics.transport,207.025,204.57,209.834,56.0821,51.5099,52.193,33.4119,30.5184,30.3633,22.9403,23.7103,18.6257
dynamics.transport_predictors,16.9801,16.5946,16.2915,2.61911,2.33072,2.26629,0.94442,0.8811,0.92677,0.5651,0.27848,0.28241
electric,1.04631,1.20682,1.37527,0.39792,0.36235,0.36216,0.30818,0.21575,0.20199,0.14595,0.15548,0.11764
fast_physics,112.8,123.621,155.414,24.7038,27.4538,34.5494,13.0517,13.9007,18.3622,11.0057,8.30727,7.31748
field.halo_ex_1,283.09,274.676,297.111,49.9458,47.1855,50.3997,29.533,27.4052,28.1806,17.4466,12.2765,11.4761
field.halo_ex_2,8.6899,7.3235,6.90751,4.08682,2.01754,2.65094,2.80955,3.0742,2.53644,2.75324,4.36342,2.38177
field.halo_ex_3,,,0.66593,,,,,,,,,
field.halo_ex_4,,,1.6127,,,,,,,,,
field.halo_ex_5,,,2.15375,,,,,,,,,
field.halo_ex_6,1.62264,1.69263,1.7837,0.64381,0.48323,0.51,0.46441,0.33675,0.32716,0.29148,0.42496,0.27854
field.halo_ex_7,21.47,20.8319,20.2719,4.06923,3.30212,3.11086,2.32242,1.84331,1.87401,1.37774,1.92845,1.41266
field.halo_ex_8,42.5675,41.3666,38.781,7.34215,7.13755,7.08309,4.25634,4.01471,4.1404,2.89573,4.47979,2.99613
field.initialise,2.4821,2.67675,2.69479,0.91155,0.87528,0.81651,0.56822,0.53703,0.50771,0.37747,0.30791,0.28031
field.read,26.8922,20.9207,21.1423,24.5653,23.6079,25.8163,25.3213,23.3581,25.0022,25.7617,26.6063,24.134
field.write,1.01625,0.98604,1.14022,1.73354,1.17681,0.96797,1.61015,2.10309,1.93316,2.02133,1.61506,2.09809
fs.constructor,0.06602,0.12046,0.20468,0.03156,0.0399,0.05367,0.02378,0.02672,0.03243,0.02416,0.01603,0.01775
gungho_diagnostics_driver,40.0036,39.6871,39.0842,11.8714,10.3913,9.73214,5.20282,6.12852,4.93462,2.87186,1.87144,2.08824
gungho_driver.finalise,0.36333,0.51072,0.44363,0.51685,0.51993,0.45123,0.5594,0.51096,0.67178,0.48593,0.65163,0.52304
gungho_driver.first_timestep,27.6126,34.6216,49.9693,8.47623,9.94052,13.3752,5.19187,4.60988,6.05581,3.44512,2.92679,2.41519
gungho_driver.initialise,40.1865,36.5083,44.6661,34.0483,30.6567,35.3103,32.8535,28.9089,33.0562,33.4311,32.6822,31.764
gungho_driver.mesh_init,1.67192,2.24193,4.27882,1.13735,0.98426,1.26436,0.9898,0.72989,0.86594,0.584,0.62154,0.50417
gungho_driver.timestep,748.375,784.432,890.063,177.458,182.646,204.822,89.3221,91.7119,103.605,65.1477,44.2282,41.8288
gungho_timestep,737.49,779.206,899.567,176.1,182.604,207.946,89.8037,91.7138,105.074,65.8301,45.5165,42.4445
halo_routing_creation,15.3057,21.3308,38.8257,5.81557,7.01872,10.2192,3.94811,3.32073,4.61351,2.55998,2.35498,1.89217
init_lbcs,0.81127,0.87413,1.23196,0.29669,0.26373,0.26381,0.1997,0.15384,0.1418,0.09389,0.09307,0.07914
jules.explicit,8.26507,7.70363,6.89008,1.79782,2.02073,2.1632,0.94213,1.17203,1.29612,0.85116,0.53288,0.54882
jules.extra,2.98032,3.13861,3.39661,0.79525,0.9291,1.20039,0.44899,0.54903,0.63515,0.38226,0.20373,0.22399
jules.implicit,7.20053,7.61478,6.58947,1.93433,2.13885,2.39952,0.88899,0.91786,1.13141,0.74974,0.44044,0.47882
jules.radiation,1.29606,1.13351,1.31847,0.2984,0.31143,0.34317,0.16295,0.13367,0.17098,0.10369,0.07034,0.06502
leonard_term,4.1842,4.51825,8.69272,2.34822,3.81111,2.81689,1.43522,2.14478,2.97658,1.92108,0.6045,0.95296
lfric_xios.finalise_context,0.28607,0.42252,0.35907,0.49377,0.50007,0.4289,0.38629,0.49151,0.65166,0.42065,0.61913,0.40459
lfric_xios.init_context,1.32775,0.97487,1.76869,1.92404,0.35831,0.50288,0.67629,0.35037,0.29444,0.21162,0.26829,0.26648
lfric_xios.read_fldg,26.8921,20.9206,21.1418,24.5652,23.6078,25.8162,25.3212,23.358,25.0022,25.7616,26.6062,24.1339
lfric_xios.write_fldg,0.8162,0.81665,0.97952,1.59452,1.05245,0.84821,1.48949,1.99456,1.82507,1.92344,1.52567,2.01488
locate_tropopause,0.09712,0.09458,0.09375,0.03647,0.0338,0.03384,0.01796,0.01668,0.01649,0.01059,0.00656,0.00613
mappings.map_physics_fields,39.7182,40.2006,46.6316,9.48338,10.5798,12.8583,4.5841,4.83537,6.11068,3.66127,3.15435,2.06843
mappings.set_wind,15.9739,18.7565,34.3821,2.55091,5.27819,10.0389,1.19779,2.15084,4.55264,1.98092,0.50038,0.82356
mass_matrix_solver_alg,50.7169,49.9828,49.1865,8.95069,7.14623,7.99259,4.7024,4.3442,4.57933,4.044,4.64304,2.75876
microphysics.casim,39.0098,64.6364,118.789,10.056,16.8933,30.7751,4.64652,7.83407,13.7083,7.94281,2.07168,3.66084
microphysics.casim_activate,0.1211,0.11818,0.11664,0.03386,0.03224,0.03411,0.01803,0.01899,0.0173,0.01047,0.00859,0.00755
mixed_solver.schur_precon,61.349,60.1997,59.2165,13.5786,12.8528,12.7081,6.12821,6.07745,5.9406,3.41351,1.82111,1.807
pressure_solver.helmholtz_lhs,45.958,44.9412,43.8275,9.10814,8.21384,8.05688,4.40776,4.27189,4.20909,2.27489,1.23084,1.20401
radiation.illuminate,0.68667,0.55156,0.55518,0.23069,0.18402,0.18189,0.09245,0.07798,0.07243,0.04147,0.0242,0.0223
radiation.lw,11.9422,12.2347,13.4176,2.94618,3.03676,3.3346,1.34584,1.38279,1.501,0.91255,0.45102,0.4679
radiation.sw,0.14021,0.14422,0.15777,0.04741,0.04418,0.04634,0.03067,0.02479,0.0238,0.01745,0.01906,0.01345
runtime_constants.dycore,6.37502,6.26065,6.23891,1.86022,1.72745,1.62298,0.87412,0.81975,0.76519,0.45834,0.2551,0.22867
runtime_constants.fem,4.79305,5.08646,5.30027,1.71955,1.28245,1.2682,0.77098,0.65651,0.63167,0.40014,0.34313,0.24494
runtime_constants.geometric,2.0255,2.04419,2.34074,0.8017,0.71841,0.66385,0.64559,0.47797,0.40738,0.29412,0.30003,0.36521
runtime_constants.limited_area,0.17624,0.21286,0.46574,0.07402,0.08287,0.05766,0.07286,0.04397,0.03684,0.03045,0.04344,0.03137
runtime_constants.mapping,0.38866,0.37781,0.3874,0.10897,0.10407,0.09819,0.06188,0.06677,0.04642,0.0358,0.01457,0.01299
runtime_constants.physics,0.73006,0.96139,1.64021,0.5975,0.52558,0.5672,0.4986,0.37274,0.3386,0.26645,0.26512,0.21492
runtime_constants.solver,0.01084,0.02158,0.04924,0.00234,0.00225,0.00289,0.00154,0.00238,0.00167,0.0018,0.00139,0.00181
runtime_constants.transport,0.01259,0.0687,0.01501,0.00878,0.00543,0.00453,0.00823,0.00406,0.003,0.00269,0.00375,0.0027
schur_precon.back_sub,7.90994,7.59609,7.41325,1.873,1.61578,1.47966,0.72279,0.75878,0.64395,0.38528,0.19138,0.20678
schur_precon.pressure_solver,54.6628,53.6672,52.5684,11.4002,10.5144,10.3655,5.42577,5.31233,5.26507,2.93421,1.56751,1.55804
schur_precon.rhs,7.50093,7.11669,7.17459,1.57544,1.55129,1.53728,0.52468,0.505,0.49325,0.25496,0.09475,0.09433
semi_implicit_timestep,737.474,779.19,899.552,176.081,182.586,207.927,89.794,91.7045,105.064,65.82,45.5073,42.4369
slow_physics,110.879,142.693,213.684,27.9963,36.7824,53.8391,14.149,17.8048,26.3213,15.4838,6.04162,7.84199
smagorinsky,32.3664,34.4492,26.6293,7.31935,7.81143,10.5563,4.03855,4.79909,5.66111,4.98907,4.51497,3.26218
solver.mixed_solver,62.0301,60.9434,60.0665,13.8063,13.1441,13.0186,6.24508,6.17958,6.04889,3.53695,1.86897,1.8531
stoch_phys.blpert,38.5553,32.3332,40.0008,5.26573,6.28902,10.7043,2.55852,2.62034,4.30753,3.39257,3.76971,2.45111
transport.controller_init,17.8554,17.4042,16.807,3.12536,2.87389,2.73364,1.7313,1.54587,1.39453,0.83325,0.81037,0.68116
transport.ffsl_horizontal,61.957,61.9178,62.7142,12.8126,12.6881,12.4007,5.96971,5.90363,6.07199,3.9234,3.74229,2.89531
transport.ffsl_vertical,26.9259,26.6878,27.7298,4.79726,4.65721,4.44239,2.28606,2.01481,1.94854,1.14717,0.7395,0.80473
transport.flux_precomp,13.1123,12.7126,12.9177,2.97419,2.89503,2.90889,1.41826,1.28125,1.34892,0.87304,0.85173,0.66509
transport.flux_precomp_init,3.47173,3.43131,3.44858,0.67228,0.64394,0.63262,0.27971,0.25046,0.23869,0.14274,0.07871,0.07187
transport.hori_dep_pts,7.35076,6.99127,6.95389,1.85338,1.77178,1.77636,0.91408,0.81953,0.86291,0.59123,0.69912,0.51872
transport.sl_horizontal,42.2943,40.2733,43.3989,9.30456,8.48772,8.64592,5.29643,4.75645,5.0691,3.4701,4.25134,2.98148
transport.sl_vertical,28.9725,27.5082,28.0608,6.06687,6.00284,6.19994,2.82852,2.78816,2.92059,1.59324,1.27488,0.97975
transport.wind,76.7593,74.7425,80.0549,19.1438,17.9577,18.1031,9.80213,8.64368,8.86563,5.52069,5.04245,4.16068
transport.wind_precomp,21.3387,21.2279,21.9211,3.86765,3.97973,4.03187,2.24776,2.13959,2.21474,1.09599,0.99881,0.72105
transport.wind_precomp_final,11.4809,8.28666,8.52234,11.3674,8.4383,9.22263,11.4691,9.92229,9.26913,9.50671,11.6078,8.90489
transport.wind_precomp_init,4.86065,4.84215,4.97986,1.00896,0.91137,0.92694,0.45679,0.43817,0.44286,0.22864,0.11402,0.10365
update_lbcs,8.72457,9.09421,9.3871,1.45611,1.48819,1.61999,0.55086,0.63728,0.70994,0.41192,0.18,0.20394
xios.close_context_definition,3.61752,3.98254,8.56317,3.77868,2.91184,4.76272,3.96738,2.69111,5.24267,5.39662,4.15607,5.42011
xios.context_finalize,0.28597,0.4224,0.35896,0.49365,0.5,0.42882,0.38622,0.49145,0.6516,0.42058,0.61907,0.40452
xios.update_calendar,1.47926,1.1886,1.49807,0.82382,0.73747,0.74324,0.89089,0.7682,0.77595,0.79414,1.09416,0.92487
